Date,Season,HomeTeam,AwayTeam,Attendance,Miami_Home,Post_Messi,Interaction,Miami_Away,Away_Interaction
2022-02-26,2022,LAFC,Colorado Rapids,22010,0,0,0,0,0
2022-02-26,2022,Philadelphia Union,Minnesota Utd,17487,0,0,0,0,0
2022-02-26,2022,SJ Earthquakes,NY Red Bulls,16146,0,0,0,0,0
2022-02-26,2022,Columbus Crew,Vancouver W'caps,18939,0,0,0,0,0
2022-02-26,2022,FC Dallas,Toronto FC,12233,0,0,0,0,0
2022-02-26,2022,Austin FC,FC Cincinnati,20738,0,0,0,0,0
2022-02-26,2022,D.C. United,Charlotte,16412,0,0,0,0,0
2022-02-26,2022,Inter Miami,Chicago Fire,15973,1,0,0,0,0
2022-02-27,2022,Orlando City,CF Montr챕al,21283,0,0,0,0,0
2022-02-27,2022,LA Galaxy,NYCFC,25174,0,0,0,0,0
2022-02-27,2022,Atlanta Utd,Sporting KC,67523,0,0,0,0,0
2022-02-26,2022,Portland Timbers,NE Revolution,23411,0,0,0,0,0
2022-02-27,2022,Seattle Sounders,Nashville SC,30013,0,0,0,0,0
2022-02-27,2022,Houston Dynamo,Real Salt Lake,18561,0,0,0,0,0
2022-03-05,2022,NE Revolution,FC Dallas,14554,0,0,0,0,0
2022-03-05,2022,Toronto FC,NY Red Bulls,23121,0,0,0,0,0
2022-03-05,2022,SJ Earthquakes,Columbus Crew,12888,0,0,0,0,0
2022-03-05,2022,Sporting KC,Houston Dynamo,18872,0,0,0,0,0
2022-03-05,2022,Vancouver W'caps,NYCFC,18643,0,0,0,0,0
2022-03-05,2022,Real Salt Lake,Seattle Sounders,20017,0,0,0,0,0
2022-03-05,2022,CF Montr챕al,Philadelphia Union,13067,0,0,0,0,0
2022-03-05,2022,Colorado Rapids,Atlanta Utd,12538,0,0,0,0,0
2022-03-05,2022,Minnesota Utd,Nashville SC,18107,0,0,0,0,0
2022-03-05,2022,Chicago Fire,Orlando City,25477,0,0,0,0,0
2022-03-05,2022,FC Cincinnati,D.C. United,22183,0,0,0,0,0
2022-03-06,2022,Austin FC,Inter Miami,20738,0,0,0,1,0
2022-03-05,2022,Charlotte,LA Galaxy,74479,0,0,0,0,0
2022-03-06,2022,LAFC,Portland Timbers,22102,0,0,0,0,0
2022-03-12,2022,Seattle Sounders,LA Galaxy,33200,0,0,0,0,0
2022-03-12,2022,NYCFC,CF Montr챕al,21113,0,0,0,0,0
2022-03-12,2022,Columbus Crew,Toronto FC,16116,0,0,0,0,0
2022-03-12,2022,Inter Miami,LAFC,11465,1,0,0,0,0
2022-03-12,2022,Houston Dynamo,Vancouver W'caps,13028,0,0,0,0,0
2022-03-13,2022,Atlanta Utd,Charlotte,43055,0,0,0,0,0
2022-03-13,2022,NY Red Bulls,Minnesota Utd,14848,0,0,0,0,0
2022-03-12,2022,Colorado Rapids,Sporting KC,12387,0,0,0,0,0
2022-03-12,2022,Portland Timbers,Austin FC,22795,0,0,0,0,0
2022-03-12,2022,FC Dallas,Nashville SC,13448,0,0,0,0,0
2022-03-12,2022,Philadelphia Union,SJ Earthquakes,14533,0,0,0,0,0
2022-03-12,2022,Orlando City,FC Cincinnati,16512,0,0,0,0,0
2022-03-12,2022,D.C. United,Chicago Fire,13795,0,0,0,0,0
2022-03-12,2022,NE Revolution,Real Salt Lake,10633,0,0,0,0,0
2022-03-19,2022,LA Galaxy,Orlando City,25174,0,0,0,0,0
2022-03-19,2022,NYCFC,Philadelphia Union,15968,0,0,0,0,0
2022-03-19,2022,FC Cincinnati,Inter Miami,19365,0,0,0,1,0
2022-03-19,2022,Toronto FC,D.C. United,21501,0,0,0,0,0
2022-03-19,2022,Atlanta Utd,CF Montr챕al,42578,0,0,0,0,0
2022-03-19,2022,Chicago Fire,Sporting KC,9352,0,0,0,0,0
2022-03-19,2022,Charlotte,NE Revolution,29318,0,0,0,0,0
2022-03-20,2022,NY Red Bulls,Columbus Crew,15323,0,0,0,0,0
2022-03-20,2022,Austin FC,Seattle Sounders,20738,0,0,0,0,0
2022-03-19,2022,Minnesota Utd,SJ Earthquakes,18685,0,0,0,0,0
2022-03-19,2022,FC Dallas,Portland Timbers,19096,0,0,0,0,0
2022-03-19,2022,Real Salt Lake,Nashville SC,20036,0,0,0,0,0
2022-03-19,2022,Houston Dynamo,Colorado Rapids,17007,0,0,0,0,0
2022-03-20,2022,LAFC,Vancouver W'caps,22065,0,0,0,0,0
2022-03-26,2022,Charlotte,FC Cincinnati,30242,0,0,0,0,0
2022-03-26,2022,Sporting KC,Real Salt Lake,19107,0,0,0,0,0
2022-03-27,2022,Portland Timbers,Orlando City,22948,0,0,0,0,0
2022-04-02,2022,Chicago Fire,FC Dallas,11411,0,0,0,0,0
2022-04-02,2022,Toronto FC,NYCFC,21802,0,0,0,0,0
2022-04-02,2022,FC Cincinnati,CF Montr챕al,20386,0,0,0,0,0
2022-04-02,2022,SJ Earthquakes,Austin FC,13062,0,0,0,0,0
2022-04-02,2022,Columbus Crew,Nashville SC,20371,0,0,0,0,0
2022-04-02,2022,Philadelphia Union,Charlotte,18136,0,0,0,0,0
2022-04-02,2022,D.C. United,Atlanta Utd,17289,0,0,0,0,0
2022-04-02,2022,Orlando City,LAFC,16753,0,0,0,0,0
2022-04-02,2022,NE Revolution,NY Red Bulls,16265,0,0,0,0,0
2022-04-03,2022,Portland Timbers,LA Galaxy,24534,0,0,0,0,0
2022-04-02,2022,Vancouver W'caps,Sporting KC,16772,0,0,0,0,0
2022-04-02,2022,Minnesota Utd,Seattle Sounders,19615,0,0,0,0,0
2022-04-02,2022,Colorado Rapids,Real Salt Lake,13380,0,0,0,0,0
2022-04-02,2022,Inter Miami,Houston Dynamo,13083,1,0,0,0,0
2022-04-09,2022,Orlando City,Chicago Fire,16051,0,0,0,0,0
2022-04-09,2022,Inter Miami,NE Revolution,11472,1,0,0,0,0
2022-04-09,2022,NY Red Bulls,CF Montr챕al,15734,0,0,0,0,0
2022-04-09,2022,LA Galaxy,LAFC,25174,0,0,0,0,0
2022-04-09,2022,Philadelphia Union,Columbus Crew,18321,0,0,0,0,0
2022-04-10,2022,Charlotte,Atlanta Utd,32496,0,0,0,0,0
2022-04-09,2022,Real Salt Lake,Toronto FC,20136,0,0,0,0,0
2022-04-10,2022,Austin FC,Minnesota Utd,20738,0,0,0,0,0
2022-04-09,2022,Vancouver W'caps,Portland Timbers,16772,0,0,0,0,0
2022-04-09,2022,Houston Dynamo,SJ Earthquakes,15414,0,0,0,0,0
2022-04-09,2022,Sporting KC,Nashville SC,18852,0,0,0,0,0
2022-04-09,2022,FC Dallas,Colorado Rapids,15893,0,0,0,0,0
2022-04-16,2022,SJ Earthquakes,Nashville SC,10394,0,0,0,0,0
2022-04-16,2022,CF Montr챕al,Vancouver W'caps,12042,0,0,0,0,0
2022-04-16,2022,Houston Dynamo,Portland Timbers,13650,0,0,0,0,0
2022-04-16,2022,Atlanta Utd,FC Cincinnati,42948,0,0,0,0,0
2022-04-16,2022,NY Red Bulls,FC Dallas,14456,0,0,0,0,0
2022-04-16,2022,D.C. United,Austin FC,16840,0,0,0,0,0
2022-04-16,2022,Columbus Crew,Orlando City,18030,0,0,0,0,0
2022-04-16,2022,Toronto FC,Philadelphia Union,20809,0,0,0,0,0
2022-04-16,2022,NE Revolution,Charlotte,15344,0,0,0,0,0
2022-04-17,2022,NYCFC,Real Salt Lake,14513,0,0,0,0,0
2022-04-17,2022,LAFC,Sporting KC,22097,0,0,0,0,0
2022-04-16,2022,Chicago Fire,LA Galaxy,30282,0,0,0,0,0
2022-04-16,2022,Minnesota Utd,Colorado Rapids,19629,0,0,0,0,0
2022-04-16,2022,Seattle Sounders,Inter Miami,32126,0,0,0,1,0
2022-04-23,2022,FC Dallas,Houston Dynamo,15792,0,0,0,0,0
2022-04-23,2022,Philadelphia Union,CF Montr챕al,18476,0,0,0,0,0
2022-04-23,2022,Minnesota Utd,Chicago Fire,19658,0,0,0,0,0
2022-04-23,2022,D.C. United,NE Revolution,17131,0,0,0,0,0
2022-04-24,2022,Inter Miami,Atlanta Utd,13433,1,0,0,0,0
2022-04-24,2022,Orlando City,NY Red Bulls,17503,0,0,0,0,0
2022-04-24,2022,FC Cincinnati,LAFC,20883,0,0,0,0,0
2022-04-24,2022,NYCFC,Toronto FC,17626,0,0,0,0,0
2022-04-23,2022,Colorado Rapids,Charlotte,13160,0,0,0,0,0
2022-04-23,2022,SJ Earthquakes,Seattle Sounders,12467,0,0,0,0,0
2022-04-23,2022,Portland Timbers,Real Salt Lake,24206,0,0,0,0,0
2022-04-23,2022,LA Galaxy,Nashville SC,26674,0,0,0,0,0
2022-04-23,2022,Sporting KC,Columbus Crew,18483,0,0,0,0,0
2022-04-23,2022,Austin FC,Vancouver W'caps,20738,0,0,0,0,0
2022-04-30,2022,Houston Dynamo,Austin FC,16296,0,0,0,0,0
2022-04-30,2022,Real Salt Lake,LA Galaxy,20775,0,0,0,0,0
2022-04-30,2022,Toronto FC,FC Cincinnati,23591,0,0,0,0,0
2022-04-30,2022,CF Montr챕al,Atlanta Utd,15060,0,0,0,0,0
2022-04-30,2022,Orlando City,Charlotte,17012,0,0,0,0,0
2022-04-30,2022,NE Revolution,Inter Miami,25509,0,0,0,1,0
2022-04-30,2022,Columbus Crew,D.C. United,19402,0,0,0,0,0
2022-05-01,2022,NYCFC,SJ Earthquakes,17174,0,0,0,0,0
2022-05-01,2022,Nashville SC,Philadelphia Union,30109,0,0,0,0,0
2022-04-30,2022,Colorado Rapids,Portland Timbers,14038,0,0,0,0,0
2022-04-30,2022,Chicago Fire,NY Red Bulls,11108,0,0,0,0,0
2022-04-30,2022,Sporting KC,FC Dallas,17334,0,0,0,0,0
2022-05-01,2022,LAFC,Minnesota Utd,22010,0,0,0,0,0
2022-05-04,2022,FC Cincinnati,Toronto FC,19563,0,0,0,0,0
2022-05-07,2022,Charlotte,Inter Miami,32018,0,0,0,1,0
2022-05-07,2022,CF Montr챕al,Orlando City,14068,0,0,0,0,0
2022-05-07,2022,Atlanta Utd,Chicago Fire,42547,0,0,0,0,0
2022-05-07,2022,NYCFC,Sporting KC,15031,0,0,0,0,0
2022-05-07,2022,NY Red Bulls,Portland Timbers,17107,0,0,0,0,0
2022-05-07,2022,D.C. United,Houston Dynamo,15194,0,0,0,0,0
2022-05-07,2022,NE Revolution,Columbus Crew,26421,0,0,0,0,0
2022-05-08,2022,Vancouver W'caps,Toronto FC,17709,0,0,0,0,0
2022-05-08,2022,Nashville SC,Real Salt Lake,28226,0,0,0,0,0
2022-05-08,2022,Austin FC,LA Galaxy,20738,0,0,0,0,0
2022-05-07,2022,SJ Earthquakes,Colorado Rapids,14077,0,0,0,0,0
2022-05-07,2022,Minnesota Utd,FC Cincinnati,19662,0,0,0,0,0
2022-05-07,2022,FC Dallas,Seattle Sounders,19096,0,0,0,0,0
2022-05-07,2022,LAFC,Philadelphia Union,22022,0,0,0,0,0
2022-05-14,2022,Toronto FC,Orlando City,26146,0,0,0,0,0
2022-05-14,2022,Colorado Rapids,LAFC,15022,0,0,0,0,0
2022-05-14,2022,Vancouver W'caps,SJ Earthquakes,15087,0,0,0,0,0
2022-05-14,2022,Charlotte,CF Montr챕al,33323,0,0,0,0,0
2022-05-14,2022,NYCFC,Columbus Crew,18813,0,0,0,0,0
2022-05-14,2022,Philadelphia Union,NY Red Bulls,18579,0,0,0,0,0
2022-05-15,2022,Seattle Sounders,Minnesota Utd,32613,0,0,0,0,0
2022-05-15,2022,Atlanta Utd,NE Revolution,42516,0,0,0,0,0
2022-05-14,2022,Chicago Fire,FC Cincinnati,14049,0,0,0,0,0
2022-05-14,2022,Portland Timbers,Sporting KC,23503,0,0,0,0,0
2022-05-14,2022,Real Salt Lake,Austin FC,20122,0,0,0,0,0
2022-05-14,2022,Houston Dynamo,Nashville SC,16035,0,0,0,0,0
2022-05-14,2022,LA Galaxy,FC Dallas,25174,0,0,0,0,0
2022-05-14,2022,Inter Miami,D.C. United,13317,1,0,0,0,0
2022-05-18,2022,Philadelphia Union,Inter Miami,15747,0,0,0,1,0
2022-05-18,2022,NY Red Bulls,Chicago Fire,13257,0,0,0,0,0
2022-05-18,2022,D.C. United,NYCFC,16072,0,0,0,0,0
2022-05-18,2022,Minnesota Utd,LA Galaxy,19645,0,0,0,0,0
2022-05-18,2022,Vancouver W'caps,FC Dallas,12716,0,0,0,0,0
2022-05-18,2022,SJ Earthquakes,Portland Timbers,11788,0,0,0,0,0
2022-05-18,2022,LAFC,Austin FC,22034,0,0,0,0,0
2022-05-18,2022,Houston Dynamo,Seattle Sounders,11093,0,0,0,0,0
2022-05-18,2022,Sporting KC,Colorado Rapids,17233,0,0,0,0,0
2022-05-18,2022,Nashville SC,CF Montr챕al,26003,0,0,0,0,0
2022-05-21,2022,Columbus Crew,LAFC,19649,0,0,0,0,0
2022-05-21,2022,FC Cincinnati,NE Revolution,22844,0,0,0,0,0
2022-05-21,2022,Nashville SC,Atlanta Utd,30109,0,0,0,0,0
2022-05-21,2022,D.C. United,Toronto FC,18320,0,0,0,0,0
2022-05-22,2022,CF Montr챕al,Real Salt Lake,14205,0,0,0,0,0
2022-05-22,2022,SJ Earthquakes,Sporting KC,14233,0,0,0,0,0
2022-05-22,2022,NYCFC,Chicago Fire,18823,0,0,0,0,0
2022-05-22,2022,Charlotte,Vancouver W'caps,32034,0,0,0,0,0
2022-05-22,2022,Inter Miami,NY Red Bulls,11007,1,0,0,0,0
2022-05-22,2022,FC Dallas,Minnesota Utd,15280,0,0,0,0,0
2022-05-22,2022,LA Galaxy,Houston Dynamo,22471,0,0,0,0,0
2022-05-22,2022,Colorado Rapids,Seattle Sounders,14923,0,0,0,0,0
2022-05-22,2022,Austin FC,Orlando City,20738,0,0,0,0,0
2022-05-22,2022,Portland Timbers,Philadelphia Union,22288,0,0,0,0,0
2022-05-28,2022,LAFC,SJ Earthquakes,22007,0,0,0,0,0
2022-05-28,2022,Atlanta Utd,Columbus Crew,42504,0,0,0,0,0
2022-05-28,2022,NY Red Bulls,D.C. United,13678,0,0,0,0,0
2022-05-28,2022,Toronto FC,Chicago Fire,25906,0,0,0,0,0
2022-05-28,2022,Orlando City,FC Dallas,17380,0,0,0,0,0
2022-05-28,2022,CF Montr챕al,FC Cincinnati,14225,0,0,0,0,0
2022-05-28,2022,NE Revolution,Philadelphia Union,20398,0,0,0,0,0
2022-05-29,2022,LA Galaxy,Austin FC,20433,0,0,0,0,0
2022-05-28,2022,Colorado Rapids,Nashville SC,15465,0,0,0,0,0
2022-05-28,2022,Minnesota Utd,NYCFC,19695,0,0,0,0,0
2022-05-28,2022,Real Salt Lake,Houston Dynamo,20489,0,0,0,0,0
2022-05-28,2022,Inter Miami,Portland Timbers,11161,1,0,0,0,0
2022-05-28,2022,Sporting KC,Vancouver W'caps,19206,0,0,0,0,0
2022-05-29,2022,Seattle Sounders,Charlotte,32763,0,0,0,0,0
2022-06-04,2022,Vancouver W'caps,Real Salt Lake,17134,0,0,0,0,0
2022-06-11,2022,Charlotte,NY Red Bulls,32064,0,0,0,0,0
2022-06-12,2022,Sporting KC,NE Revolution,18703,0,0,0,0,0
2022-06-11,2022,Nashville SC,SJ Earthquakes,28672,0,0,0,0,0
2022-06-14,2022,Seattle Sounders,Vancouver W'caps,31165,0,0,0,0,0
2022-06-15,2022,NE Revolution,Orlando City,15308,0,0,0,0,0
2022-06-18,2022,Seattle Sounders,LAFC,34642,0,0,0,0,0
2022-06-18,2022,LA Galaxy,Portland Timbers,21414,0,0,0,0,0
2022-06-18,2022,NY Red Bulls,Toronto FC,19142,0,0,0,0,0
2022-06-18,2022,Philadelphia Union,FC Cincinnati,18717,0,0,0,0,0
2022-06-18,2022,Columbus Crew,Charlotte,20446,0,0,0,0,0
2022-06-18,2022,Orlando City,Houston Dynamo,16333,0,0,0,0,0
2022-06-18,2022,CF Montr챕al,Austin FC,15045,0,0,0,0,0
2022-06-19,2022,Atlanta Utd,Inter Miami,42539,0,0,0,1,0
2022-06-19,2022,NYCFC,Colorado Rapids,19812,0,0,0,0,0
2022-06-19,2022,NE Revolution,Minnesota Utd,21289,0,0,0,0,0
2022-06-19,2022,Nashville SC,Sporting KC,29269,0,0,0,0,0
2022-06-18,2022,Chicago Fire,D.C. United,17650,0,0,0,0,0
2022-06-18,2022,Real Salt Lake,SJ Earthquakes,20517,0,0,0,0,0
2022-06-18,2022,FC Dallas,Vancouver W'caps,19096,0,0,0,0,0
2022-06-24,2022,FC Cincinnati,Orlando City,24263,0,0,0,0,0
2022-06-25,2022,Seattle Sounders,Sporting KC,33380,0,0,0,0,0
2022-06-25,2022,D.C. United,Nashville SC,19325,0,0,0,0,0
2022-06-25,2022,Toronto FC,Atlanta Utd,25527,0,0,0,0,0
2022-06-25,2022,CF Montr챕al,Charlotte,13520,0,0,0,0,0
2022-06-26,2022,Philadelphia Union,NYCFC,18589,0,0,0,0,0
2022-06-25,2022,Houston Dynamo,Chicago Fire,13081,0,0,0,0,0
2022-06-25,2022,Portland Timbers,Colorado Rapids,23448,0,0,0,0,0
2022-06-25,2022,Inter Miami,Minnesota Utd,12147,1,0,0,0,0
2022-06-25,2022,Real Salt Lake,Columbus Crew,20311,0,0,0,0,0
2022-06-25,2022,Austin FC,FC Dallas,20738,0,0,0,0,0
2022-06-26,2022,Vancouver W'caps,NE Revolution,15084,0,0,0,0,0
2022-06-29,2022,FC Cincinnati,NYCFC,21258,0,0,0,0,0
2022-06-29,2022,Toronto FC,Columbus Crew,21289,0,0,0,0,0
2022-06-30,2022,Charlotte,Austin FC,31661,0,0,0,0,0
2022-06-29,2022,Seattle Sounders,CF Montr챕al,32375,0,0,0,0,0
2022-06-29,2022,Chicago Fire,Philadelphia Union,10384,0,0,0,0,0
2022-06-29,2022,LAFC,FC Dallas,22014,0,0,0,0,0
2022-06-29,2022,LA Galaxy,Minnesota Utd,18337,0,0,0,0,0
2022-06-29,2022,Portland Timbers,Houston Dynamo,22932,0,0,0,0,0
2022-06-30,2022,NY Red Bulls,Atlanta Utd,14122,0,0,0,0,0
2022-07-02,2022,Toronto FC,Seattle Sounders,23594,0,0,0,0,0
2022-07-03,2022,NYCFC,Atlanta Utd,17704,0,0,0,0,0
2022-07-02,2022,Vancouver W'caps,LAFC,18292,0,0,0,0,0
2022-07-03,2022,NE Revolution,FC Cincinnati,20193,0,0,0,0,0
2022-07-03,2022,Columbus Crew,Philadelphia Union,20469,0,0,0,0,0
2022-07-03,2022,SJ Earthquakes,Chicago Fire,13224,0,0,0,0,0
2022-07-04,2022,Orlando City,D.C. United,16,0,0,0,0,0
2022-07-03,2022,Sporting KC,NY Red Bulls,19065,0,0,0,0,0
2022-07-03,2022,Nashville SC,Portland Timbers,28387,0,0,0,0,0
2022-07-03,2022,Houston Dynamo,Charlotte,19242,0,0,0,0,0
2022-07-04,2022,Colorado Rapids,Austin FC,18084,0,0,0,0,0
2022-07-04,2022,LA Galaxy,CF Montr챕al,23855,0,0,0,0,0
2022-07-04,2022,FC Dallas,Inter Miami,19096,0,0,0,1,0
2022-07-08,2022,Philadelphia Union,D.C. United,19007,0,0,0,0,0
2022-07-09,2022,NYCFC,NE Revolution,17991,0,0,0,0,0
2022-07-09,2022,Seattle Sounders,Portland Timbers,47722,0,0,0,0,0
2022-07-08,2022,LAFC,LA Galaxy,22231,0,0,0,0,0
2022-07-09,2022,Atlanta Utd,Austin FC,67516,0,0,0,0,0
2022-07-09,2022,Charlotte,Nashville SC,36244,0,0,0,0,0
2022-07-09,2022,FC Cincinnati,NY Red Bulls,24476,0,0,0,0,0
2022-07-09,2022,Toronto FC,SJ Earthquakes,27149,0,0,0,0,0
2022-07-08,2022,Vancouver W'caps,Minnesota Utd,14201,0,0,0,0,0
2022-07-09,2022,CF Montr챕al,Sporting KC,14127,0,0,0,0,0
2022-07-09,2022,Chicago Fire,Columbus Crew,15157,0,0,0,0,0
2022-07-09,2022,Houston Dynamo,FC Dallas,21284,0,0,0,0,0
2022-07-09,2022,Real Salt Lake,Colorado Rapids,20242,0,0,0,0,0
2022-07-09,2022,Orlando City,Inter Miami,20052,0,0,0,1,0
2022-07-13,2022,Atlanta Utd,Real Salt Lake,42509,0,0,0,0,0
2022-07-12,2022,Austin FC,Houston Dynamo,20738,0,0,0,0,0
2022-07-13,2022,Chicago Fire,Toronto FC,10450,0,0,0,0,0
2022-07-13,2022,LA Galaxy,SJ Earthquakes,18453,0,0,0,0,0
2022-07-13,2022,Minnesota Utd,Sporting KC,19657,0,0,0,0,0
2022-07-13,2022,Colorado Rapids,Orlando City,12538,0,0,0,0,0
2022-07-13,2022,Nashville SC,Seattle Sounders,26927,0,0,0,0,0
2022-07-13,2022,D.C. United,Columbus Crew,10128,0,0,0,0,0
2022-07-13,2022,FC Cincinnati,Vancouver W'caps,21078,0,0,0,0,0
2022-07-13,2022,Inter Miami,Philadelphia Union,10027,1,0,0,0,0
2022-07-13,2022,FC Dallas,NYCFC,13656,0,0,0,0,0
2022-07-16,2022,Philadelphia Union,NE Revolution,18257,0,0,0,0,0
2022-07-16,2022,CF Montr챕al,Toronto FC,19619,0,0,0,0,0
2022-07-17,2022,Atlanta Utd,Orlando City,42526,0,0,0,0,0
2022-07-17,2022,NY Red Bulls,NYCFC,25219,0,0,0,0,0
2022-07-16,2022,Minnesota Utd,D.C. United,19718,0,0,0,0,0
2022-07-16,2022,Colorado Rapids,LA Galaxy,17975,0,0,0,0,0
2022-07-16,2022,Chicago Fire,Seattle Sounders,13601,0,0,0,0,0
2022-07-17,2022,Columbus Crew,FC Cincinnati,20741,0,0,0,0,0
2022-07-16,2022,FC Dallas,Austin FC,16833,0,0,0,0,0
2022-07-16,2022,Inter Miami,Charlotte,12274,1,0,0,0,0
2022-07-17,2022,SJ Earthquakes,Houston Dynamo,13445,0,0,0,0,0
2022-07-17,2022,Portland Timbers,Vancouver W'caps,24337,0,0,0,0,0
2022-07-17,2022,Nashville SC,LAFC,30109,0,0,0,0,0
2022-07-17,2022,Real Salt Lake,Sporting KC,20132,0,0,0,0,0
2022-07-23,2022,NYCFC,Inter Miami,23277,0,0,0,1,0
2022-07-23,2022,Orlando City,Philadelphia Union,16031,0,0,0,0,0
2022-07-23,2022,Columbus Crew,NE Revolution,20383,0,0,0,0,0
2022-07-23,2022,FC Cincinnati,Nashville SC,23420,0,0,0,0,0
2022-07-23,2022,Toronto FC,Charlotte,29067,0,0,0,0,0
2022-07-23,2022,Seattle Sounders,Colorado Rapids,32476,0,0,0,0,0
2022-07-23,2022,Vancouver W'caps,Chicago Fire,14984,0,0,0,0,0
2022-07-23,2022,Sporting KC,LAFC,20142,0,0,0,0,0
2022-07-23,2022,Portland Timbers,SJ Earthquakes,23795,0,0,0,0,0
2022-07-23,2022,Houston Dynamo,Minnesota Utd,15223,0,0,0,0,0
2022-07-23,2022,D.C. United,CF Montr챕al,15734,0,0,0,0,0
2022-07-23,2022,Real Salt Lake,FC Dallas,20437,0,0,0,0,0
2022-07-24,2022,LA Galaxy,Atlanta Utd,24122,0,0,0,0,0
2022-07-24,2022,Austin FC,NY Red Bulls,20738,0,0,0,0,0
2022-07-30,2022,Minnesota Utd,Portland Timbers,19792,0,0,0,0,0
2022-07-30,2022,Chicago Fire,Atlanta Utd,23951,0,0,0,0,0
2022-07-30,2022,Philadelphia Union,Houston Dynamo,19089,0,0,0,0,0
2022-07-30,2022,CF Montr챕al,NYCFC,19619,0,0,0,0,0
2022-07-29,2022,LAFC,Seattle Sounders,22111,0,0,0,0,0
2022-07-31,2022,D.C. United,Orlando City,15805,0,0,0,0,0
2022-07-30,2022,SJ Earthquakes,Real Salt Lake,12411,0,0,0,0,0
2022-07-30,2022,Nashville SC,Vancouver W'caps,26578,0,0,0,0,0
2022-07-30,2022,Sporting KC,Austin FC,17287,0,0,0,0,0
2022-07-30,2022,FC Dallas,LA Galaxy,19096,0,0,0,0,0
2022-07-30,2022,NE Revolution,Toronto FC,29097,0,0,0,0,0
2022-08-02,2022,NY Red Bulls,Colorado Rapids,13812,0,0,0,0,0
2022-08-03,2022,Charlotte,D.C. United,31520,0,0,0,0,0
2022-08-02,2022,Seattle Sounders,FC Dallas,32207,0,0,0,0,0
2022-08-03,2022,Columbus Crew,CF Montr챕al,19010,0,0,0,0,0
2022-08-03,2022,Portland Timbers,Nashville SC,23101,0,0,0,0,0
2022-08-03,2022,SJ Earthquakes,Inter Miami,11806,0,0,0,1,0
2022-08-06,2022,Atlanta Utd,Seattle Sounders,68586,0,0,0,0,0
2022-08-06,2022,Charlotte,Chicago Fire,32538,0,0,0,0,0
2022-08-06,2022,CF Montr챕al,Inter Miami,18007,0,0,0,1,0
2022-08-05,2022,Vancouver W'caps,Houston Dynamo,14668,0,0,0,0,0
2022-08-06,2022,Columbus Crew,NYCFC,18609,0,0,0,0,0
2022-08-06,2022,D.C. United,NY Red Bulls,16258,0,0,0,0,0
2022-08-06,2022,FC Cincinnati,Philadelphia Union,23443,0,0,0,0,0
2022-08-06,2022,Nashville SC,Toronto FC,26326,0,0,0,0,0
2022-08-06,2022,Colorado Rapids,Minnesota Utd,14738,0,0,0,0,0
2022-08-06,2022,Sporting KC,LA Galaxy,18101,0,0,0,0,0
2022-08-06,2022,Portland Timbers,FC Dallas,24114,0,0,0,0,0
2022-08-06,2022,Real Salt Lake,LAFC,21810,0,0,0,0,0
2022-08-06,2022,Austin FC,SJ Earthquakes,20738,0,0,0,0,0
2022-08-13,2022,NY Red Bulls,Orlando City,18218,0,0,0,0,0
2022-08-13,2022,NE Revolution,D.C. United,24240,0,0,0,0,0
2022-08-13,2022,FC Cincinnati,Atlanta Utd,25037,0,0,0,0,0
2022-08-13,2022,Philadelphia Union,Chicago Fire,18682,0,0,0,0,0
2022-08-13,2022,Toronto FC,Portland Timbers,28598,0,0,0,0,0
2022-08-13,2022,LA Galaxy,Vancouver W'caps,21465,0,0,0,0,0
2022-08-13,2022,Colorado Rapids,Columbus Crew,13254,0,0,0,0,0
2022-08-13,2022,LAFC,Charlotte,22140,0,0,0,0,0
2022-08-13,2022,Austin FC,Sporting KC,20738,0,0,0,0,0
2022-08-13,2022,FC Dallas,SJ Earthquakes,15106,0,0,0,0,0
2022-08-13,2022,Inter Miami,NYCFC,11419,1,0,0,0,0
2022-08-13,2022,Houston Dynamo,CF Montr챕al,21284,0,0,0,0,0
2022-08-14,2022,Seattle Sounders,Real Salt Lake,33093,0,0,0,0,0
2022-08-14,2022,Nashville SC,Minnesota Utd,25240,0,0,0,0,0
2022-08-17,2022,Atlanta Utd,NY Red Bulls,42555,0,0,0,0,0
2022-08-16,2022,LAFC,D.C. United,22063,0,0,0,0,0
2022-08-17,2022,Toronto FC,NE Revolution,28464,0,0,0,0,0
2022-08-17,2022,Vancouver W'caps,Colorado Rapids,14682,0,0,0,0,0
2022-08-17,2022,NYCFC,Charlotte,8531,0,0,0,0,0
2022-08-17,2022,FC Dallas,Philadelphia Union,12479,0,0,0,0,0
2022-08-20,2022,NY Red Bulls,FC Cincinnati,16525,0,0,0,0,0
2022-08-19,2022,LA Galaxy,Seattle Sounders,23278,0,0,0,0,0
2022-08-20,2022,CF Montr챕al,NE Revolution,19619,0,0,0,0,0
2022-08-20,2022,D.C. United,Philadelphia Union,17941,0,0,0,0,0
2022-08-21,2022,Chicago Fire,NYCFC,11720,0,0,0,0,0
2022-08-21,2022,Columbus Crew,Atlanta Utd,17461,0,0,0,0,0
2022-08-21,2022,Sporting KC,Portland Timbers,17348,0,0,0,0,0
2022-08-20,2022,SJ Earthquakes,LAFC,18000,0,0,0,0,0
2022-08-20,2022,Minnesota Utd,Austin FC,19829,0,0,0,0,0
2022-08-20,2022,Colorado Rapids,Houston Dynamo,15380,0,0,0,0,0
2022-08-21,2022,Charlotte,Orlando City,30855,0,0,0,0,0
2022-08-20,2022,Inter Miami,Toronto FC,14388,1,0,0,0,0
2022-08-20,2022,Real Salt Lake,Vancouver W'caps,20567,0,0,0,0,0
2022-08-21,2022,Nashville SC,FC Dallas,25571,0,0,0,0,0
2022-08-27,2022,Minnesota Utd,Houston Dynamo,19624,0,0,0,0,0
2022-08-27,2022,NY Red Bulls,Inter Miami,21374,0,0,0,1,0
2022-08-27,2022,Charlotte,Toronto FC,32495,0,0,0,0,0
2022-08-26,2022,Austin FC,LAFC,20738,0,0,0,0,0
2022-08-26,2022,Portland Timbers,Seattle Sounders,25218,0,0,0,0,0
2022-08-27,2022,Philadelphia Union,Colorado Rapids,18005,0,0,0,0,0
2022-08-27,2022,FC Cincinnati,Columbus Crew,25037,0,0,0,0,0
2022-08-28,2022,Atlanta Utd,D.C. United,42561,0,0,0,0,0
2022-08-27,2022,Vancouver W'caps,Nashville SC,16351,0,0,0,0,0
2022-08-27,2022,Chicago Fire,CF Montr챕al,13907,0,0,0,0,0
2022-08-27,2022,Sporting KC,SJ Earthquakes,18241,0,0,0,0,0
2022-08-27,2022,FC Dallas,Real Salt Lake,15573,0,0,0,0,0
2022-08-28,2022,NE Revolution,LA Galaxy,21517,0,0,0,0,0
2022-08-31,2022,Philadelphia Union,Atlanta Utd,18214,0,0,0,0,0
2022-08-31,2022,Columbus Crew,Inter Miami,18034,0,0,0,1,0
2022-08-31,2022,NE Revolution,Chicago Fire,13325,0,0,0,0,0
2022-08-31,2022,CF Montr챕al,NY Red Bulls,15075,0,0,0,0,0
2022-08-31,2022,Toronto FC,LA Galaxy,29130,0,0,0,0,0
2022-08-31,2022,Nashville SC,Colorado Rapids,24127,0,0,0,0,0
2022-08-31,2022,Houston Dynamo,LAFC,21284,0,0,0,0,0
2022-08-31,2022,Real Salt Lake,Minnesota Utd,20358,0,0,0,0,0
2022-08-31,2022,Austin FC,Portland Timbers,20738,0,0,0,0,0
2022-08-31,2022,NYCFC,D.C. United,8113,0,0,0,0,0
2022-08-31,2022,Orlando City,Seattle Sounders,14483,0,0,0,0,0
2022-09-03,2022,Minnesota Utd,FC Dallas,19761,0,0,0,0,0
2022-09-03,2022,Columbus Crew,Chicago Fire,18189,0,0,0,0,0
2022-09-03,2022,NY Red Bulls,Philadelphia Union,16247,0,0,0,0,0
2022-09-03,2022,FC Cincinnati,Charlotte,21165,0,0,0,0,0
2022-09-04,2022,Portland Timbers,Atlanta Utd,24438,0,0,0,0,0
2022-09-04,2022,D.C. United,Colorado Rapids,16502,0,0,0,0,0
2022-09-04,2022,Toronto FC,CF Montr챕al,28793,0,0,0,0,0
2022-09-03,2022,Nashville SC,Austin FC,25293,0,0,0,0,0
2022-09-04,2022,LA Galaxy,Sporting KC,20104,0,0,0,0,0
2022-09-04,2022,Seattle Sounders,Houston Dynamo,33621,0,0,0,0,0
2022-09-04,2022,SJ Earthquakes,Vancouver W'caps,13211,0,0,0,0,0
2022-09-04,2022,LAFC,Real Salt Lake,22199,0,0,0,0,0
2022-09-04,2022,NE Revolution,NYCFC,17793,0,0,0,0,0
2022-09-07,2022,NYCFC,FC Cincinnati,14248,0,0,0,0,0
2022-09-09,2022,CF Montr챕al,Columbus Crew,19619,0,0,0,0,0
2022-09-10,2022,Charlotte,NYCFC,30159,0,0,0,0,0
2022-09-10,2022,Nashville SC,LA Galaxy,28753,0,0,0,0,0
2022-09-10,2022,NY Red Bulls,NE Revolution,16301,0,0,0,0,0
2022-09-10,2022,Atlanta Utd,Toronto FC,42670,0,0,0,0,0
2022-09-10,2022,FC Cincinnati,SJ Earthquakes,22557,0,0,0,0,0
2022-09-10,2022,Philadelphia Union,Orlando City,19079,0,0,0,0,0
2022-09-10,2022,Seattle Sounders,Austin FC,34721,0,0,0,0,0
2022-09-10,2022,Portland Timbers,Minnesota Utd,25019,0,0,0,0,0
2022-09-10,2022,Chicago Fire,Inter Miami,15104,0,0,0,1,0
2022-09-10,2022,Houston Dynamo,Sporting KC,15169,0,0,0,0,0
2022-09-10,2022,Colorado Rapids,Vancouver W'caps,14036,0,0,0,0,0
2022-09-10,2022,FC Dallas,LAFC,19096,0,0,0,0,0
2022-09-10,2022,Real Salt Lake,D.C. United,20487,0,0,0,0,0
2022-09-13,2022,CF Montr챕al,Chicago Fire,11535,0,0,0,0,0
2022-09-14,2022,Orlando City,Atlanta Utd,15340,0,0,0,0,0
2022-09-13,2022,Minnesota Utd,LAFC,19861,0,0,0,0,0
2022-09-13,2022,Sporting KC,D.C. United,15106,0,0,0,0,0
2022-09-13,2022,Houston Dynamo,NE Revolution,10305,0,0,0,0,0
2022-09-13,2022,Inter Miami,Columbus Crew,9778,1,0,0,0,0
2022-09-14,2022,Vancouver W'caps,LA Galaxy,16681,0,0,0,0,0
2022-09-14,2022,Colorado Rapids,SJ Earthquakes,11938,0,0,0,0,0
2022-09-14,2022,Austin FC,Real Salt Lake,20738,0,0,0,0,0
2022-09-17,2022,NYCFC,NY Red Bulls,30151,0,0,0,0,0
2022-09-17,2022,Atlanta Utd,Philadelphia Union,42521,0,0,0,0,0
2022-09-17,2022,NE Revolution,CF Montr챕al,35455,0,0,0,0,0
2022-09-17,2022,Orlando City,Toronto FC,17189,0,0,0,0,0
2022-09-18,2022,Columbus Crew,Portland Timbers,20421,0,0,0,0,0
2022-09-18,2022,D.C. United,Inter Miami,14284,0,0,0,1,0
2022-09-17,2022,Chicago Fire,Charlotte,21450,0,0,0,0,0
2022-09-17,2022,Vancouver W'caps,Seattle Sounders,19722,0,0,0,0,0
2022-09-17,2022,Real Salt Lake,FC Cincinnati,20222,0,0,0,0,0
2022-09-17,2022,LA Galaxy,Colorado Rapids,20325,0,0,0,0,0
2022-09-17,2022,SJ Earthquakes,FC Dallas,12355,0,0,0,0,0
2022-09-17,2022,Sporting KC,Minnesota Utd,19680,0,0,0,0,0
2022-09-17,2022,Austin FC,Nashville SC,20738,0,0,0,0,0
2022-09-18,2022,LAFC,Houston Dynamo,22131,0,0,0,0,0
2022-09-24,2022,SJ Earthquakes,LA Galaxy,44200,0,0,0,0,0
2022-09-27,2022,Seattle Sounders,FC Cincinnati,31291,0,0,0,0,0
2022-09-30,2022,Toronto FC,Inter Miami,27703,0,0,0,1,0
2022-10-01,2022,NE Revolution,Atlanta Utd,33421,0,0,0,0,0
2022-10-01,2022,Colorado Rapids,FC Dallas,17193,0,0,0,0,0
2022-10-01,2022,Charlotte,Philadelphia Union,43860,0,0,0,0,0
2022-10-01,2022,Columbus Crew,NY Red Bulls,20757,0,0,0,0,0
2022-10-01,2022,CF Montr챕al,D.C. United,19619,0,0,0,0,0
2022-10-01,2022,FC Cincinnati,Chicago Fire,25316,0,0,0,0,0
2022-10-02,2022,Portland Timbers,LAFC,25218,0,0,0,0,0
2022-10-02,2022,NYCFC,Orlando City,13169,0,0,0,0,0
2022-10-02,2022,Sporting KC,Seattle Sounders,19439,0,0,0,0,0
2022-10-01,2022,Vancouver W'caps,Austin FC,19292,0,0,0,0,0
2022-10-01,2022,SJ Earthquakes,Minnesota Utd,15709,0,0,0,0,0
2022-10-01,2022,LA Galaxy,Real Salt Lake,26674,0,0,0,0,0
2022-10-02,2022,Nashville SC,Houston Dynamo,28720,0,0,0,0,0
2022-10-05,2022,Charlotte,Columbus Crew,34122,0,0,0,0,0
2022-10-05,2022,Inter Miami,Orlando City,15228,1,0,0,0,0
2022-10-09,2022,Chicago Fire,NE Revolution,14357,0,0,0,0,0
2022-10-09,2022,LAFC,Nashville SC,22205,0,0,0,0,0
2022-10-09,2022,Seattle Sounders,SJ Earthquakes,33910,0,0,0,0,0
2022-10-09,2022,Philadelphia Union,Toronto FC,19228,0,0,0,0,0
2022-10-09,2022,Atlanta Utd,NYCFC,43312,0,0,0,0,0
2022-10-09,2022,NY Red Bulls,Charlotte,23672,0,0,0,0,0
2022-10-09,2022,D.C. United,FC Cincinnati,19325,0,0,0,0,0
2022-10-09,2022,Orlando City,Columbus Crew,21693,0,0,0,0,0
2022-10-09,2022,Inter Miami,CF Montr챕al,15635,1,0,0,0,0
2022-10-09,2022,Real Salt Lake,Portland Timbers,21333,0,0,0,0,0
2022-10-09,2022,Minnesota Utd,Vancouver W'caps,19941,0,0,0,0,0
2022-10-09,2022,Austin FC,Colorado Rapids,20738,0,0,0,0,0
2022-10-09,2022,FC Dallas,Sporting KC,19096,0,0,0,0,0
2022-10-09,2022,Houston Dynamo,LA Galaxy,21284,0,0,0,0,0
2022-10-15,2022,NY Red Bulls,FC Cincinnati,17113,0,0,0,0,0
2022-10-15,2022,LA Galaxy,Nashville SC,22280,0,0,0,0,0
2022-10-16,2022,Austin FC,Real Salt Lake,20738,0,0,0,0,0
2022-10-17,2022,NYCFC,Inter Miami,18066,0,0,0,1,0
2022-10-16,2022,CF Montr챕al,Orlando City,19619,0,0,0,0,0
2022-10-17,2022,FC Dallas,Minnesota Utd,19096,0,0,0,0,0
2022-10-20,2022,LAFC,LA Galaxy,22305,0,0,0,0,0
2022-10-20,2022,Philadelphia Union,FC Cincinnati,19289,0,0,0,0,0
2022-10-23,2022,CF Montr챕al,NYCFC,19619,0,0,0,0,0
2022-10-23,2022,Austin FC,FC Dallas,20738,0,0,0,0,0
2022-10-30,2022,LAFC,Austin FC,22175,0,0,0,0,0
2022-10-30,2022,Philadelphia Union,NYCFC,19770,0,0,0,0,0
2022-11-05,2022,LAFC,Philadelphia Union,22384,0,0,0,0,0
2023-02-25,2023,Nashville SC,NYCFC,28051,0,0,0,0,0
2023-02-25,2023,FC Cincinnati,Houston Dynamo,25513,0,0,0,0,0
2023-02-25,2023,Orlando City,NY Red Bulls,24088,0,0,0,0,0
2023-02-25,2023,Vancouver W'caps,Real Salt Lake,19614,0,0,0,0,0
2023-02-25,2023,Inter Miami,CF Montr챕al,17655,1,0,0,0,0
2023-02-25,2023,Atlanta Utd,SJ Earthquakes,67538,0,0,0,0,0
2023-02-25,2023,Charlotte,NE Revolution,69345,0,0,0,0,0
2023-02-25,2023,D.C. United,Toronto FC,17397,0,0,0,0,0
2023-02-25,2023,Austin FC,St. Louis City,20738,0,0,0,0,0
2023-02-25,2023,FC Dallas,Minnesota Utd,19096,0,0,0,0,0
2023-02-25,2023,Philadelphia Union,Columbus Crew,18510,0,0,0,0,0
2023-02-26,2023,Seattle Sounders,Colorado Rapids,30032,0,0,0,0,0
2023-02-27,2023,Portland Timbers,Sporting KC,22925,0,0,0,0,0
2023-03-04,2023,LAFC,Portland Timbers,22202,0,0,0,0,0
2023-03-04,2023,St. Louis City,Charlotte,22423,0,0,0,0,0
2023-03-04,2023,Seattle Sounders,Real Salt Lake,30011,0,0,0,0,0
2023-03-04,2023,Chicago Fire,NYCFC,19671,0,0,0,0,0
2023-03-04,2023,NE Revolution,Houston Dynamo,13176,0,0,0,0,0
2023-03-04,2023,Inter Miami,Philadelphia Union,15628,1,0,0,0,0
2023-03-04,2023,Columbus Crew,D.C. United,20391,0,0,0,0,0
2023-03-04,2023,Atlanta Utd,Toronto FC,42817,0,0,0,0,0
2023-03-04,2023,SJ Earthquakes,Vancouver W'caps,18000,0,0,0,0,0
2023-03-04,2023,Austin FC,CF Montr챕al,20738,0,0,0,0,0
2023-03-04,2023,NY Red Bulls,Nashville SC,18474,0,0,0,0,0
2023-03-04,2023,FC Dallas,LA Galaxy,19906,0,0,0,0,0
2023-03-04,2023,Orlando City,FC Cincinnati,18062,0,0,0,0,0
2023-03-04,2023,Colorado Rapids,Sporting KC,14954,0,0,0,0,0
2023-03-11,2023,Charlotte,Atlanta Utd,31538,0,0,0,0,0
2023-03-11,2023,Vancouver W'caps,FC Dallas,16780,0,0,0,0,0
2023-03-11,2023,Real Salt Lake,Austin FC,20052,0,0,0,0,0
2023-03-11,2023,Nashville SC,CF Montr챕al,25958,0,0,0,0,0
2023-03-11,2023,NYCFC,Inter Miami,24489,0,0,0,1,0
2023-03-11,2023,Toronto FC,Columbus Crew,25796,0,0,0,0,0
2023-03-11,2023,Philadelphia Union,Chicago Fire,18520,0,0,0,0,0
2023-03-11,2023,Sporting KC,LA Galaxy,18612,0,0,0,0,0
2023-03-11,2023,FC Cincinnati,Seattle Sounders,25513,0,0,0,0,0
2023-03-11,2023,SJ Earthquakes,Colorado Rapids,13383,0,0,0,0,0
2023-03-11,2023,Minnesota Utd,NY Red Bulls,19614,0,0,0,0,0
2023-03-11,2023,D.C. United,Orlando City,15994,0,0,0,0,0
2023-03-11,2023,Portland Timbers,St. Louis City,23386,0,0,0,0,0
2023-03-12,2023,LAFC,NE Revolution,22007,0,0,0,0,0
2023-03-18,2023,Seattle Sounders,LAFC,32515,0,0,0,0,0
2023-03-18,2023,CF Montr챕al,Philadelphia Union,23352,0,0,0,0,0
2023-03-18,2023,Atlanta Utd,Portland Timbers,42648,0,0,0,0,0
2023-03-18,2023,Toronto FC,Inter Miami,20701,0,0,0,1,0
2023-03-18,2023,NYCFC,D.C. United,17281,0,0,0,0,0
2023-03-18,2023,Orlando City,Charlotte,18123,0,0,0,0,0
2023-03-18,2023,NY Red Bulls,Columbus Crew,15412,0,0,0,0,0
2023-03-18,2023,NE Revolution,Nashville SC,14930,0,0,0,0,0
2023-03-18,2023,St. Louis City,SJ Earthquakes,22423,0,0,0,0,0
2023-03-18,2023,Houston Dynamo,Austin FC,19047,0,0,0,0,0
2023-03-18,2023,FC Dallas,Sporting KC,17467,0,0,0,0,0
2023-03-18,2023,LA Galaxy,Vancouver W'caps,23112,0,0,0,0,0
2023-03-18,2023,Colorado Rapids,Minnesota Utd,12538,0,0,0,0,0
2023-03-18,2023,Chicago Fire,FC Cincinnati,7815,0,0,0,0,0
2023-03-25,2023,Portland Timbers,LA Galaxy,24077,0,0,0,0,0
2023-03-25,2023,Inter Miami,Chicago Fire,17699,1,0,0,0,0
2023-03-25,2023,Philadelphia Union,Orlando City,18725,0,0,0,0,0
2023-03-25,2023,D.C. United,NE Revolution,16509,0,0,0,0,0
2023-03-25,2023,Columbus Crew,Atlanta Utd,19249,0,0,0,0,0
2023-03-25,2023,Charlotte,NY Red Bulls,32540,0,0,0,0,0
2023-03-25,2023,SJ Earthquakes,Toronto FC,12434,0,0,0,0,0
2023-03-25,2023,Minnesota Utd,Vancouver W'caps,19609,0,0,0,0,0
2023-03-25,2023,Austin FC,Colorado Rapids,20738,0,0,0,0,0
2023-03-25,2023,Nashville SC,FC Cincinnati,28453,0,0,0,0,0
2023-03-25,2023,Sporting KC,Seattle Sounders,18629,0,0,0,0,0
2023-03-25,2023,Real Salt Lake,St. Louis City,19508,0,0,0,0,0
2023-03-25,2023,Houston Dynamo,NYCFC,13024,0,0,0,0,0
2023-03-25,2023,LAFC,FC Dallas,22163,0,0,0,0,0
2023-04-01,2023,LA Galaxy,Seattle Sounders,22008,0,0,0,0,0
2023-04-01,2023,Orlando City,Nashville SC,20115,0,0,0,0,0
2023-04-01,2023,FC Cincinnati,Inter Miami,25082,0,0,0,1,0
2023-04-01,2023,NE Revolution,NYCFC,18521,0,0,0,0,0
2023-04-01,2023,Philadelphia Union,Sporting KC,18550,0,0,0,0,0
2023-04-01,2023,Atlanta Utd,NY Red Bulls,43511,0,0,0,0,0
2023-04-01,2023,Toronto FC,Charlotte,22801,0,0,0,0,0
2023-04-01,2023,Columbus Crew,Real Salt Lake,19624,0,0,0,0,0
2023-04-01,2023,Vancouver W'caps,CF Montr챕al,16046,0,0,0,0,0
2023-04-01,2023,Chicago Fire,D.C. United,8621,0,0,0,0,0
2023-04-01,2023,SJ Earthquakes,Houston Dynamo,12786,0,0,0,0,0
2023-04-01,2023,FC Dallas,Portland Timbers,19096,0,0,0,0,0
2023-04-01,2023,Colorado Rapids,LAFC,16298,0,0,0,0,0
2023-04-01,2023,St. Louis City,Minnesota Utd,22423,0,0,0,0,0
2023-04-08,2023,LAFC,Austin FC,22199,0,0,0,0,0
2023-04-08,2023,NYCFC,Atlanta Utd,20095,0,0,0,0,0
2023-04-08,2023,NE Revolution,CF Montr챕al,18021,0,0,0,0,0
2023-04-08,2023,D.C. United,Columbus Crew,16891,0,0,0,0,0
2023-04-08,2023,NY Red Bulls,SJ Earthquakes,15939,0,0,0,0,0
2023-04-08,2023,FC Cincinnati,Philadelphia Union,25513,0,0,0,0,0
2023-04-08,2023,Inter Miami,FC Dallas,17287,1,0,0,0,0
2023-04-08,2023,Nashville SC,Toronto FC,26999,0,0,0,0,0
2023-04-08,2023,Houston Dynamo,LA Galaxy,19128,0,0,0,0,0
2023-04-08,2023,Vancouver W'caps,Portland Timbers,17029,0,0,0,0,0
2023-04-08,2023,Seattle Sounders,St. Louis City,31789,0,0,0,0,0
2023-04-08,2023,Chicago Fire,Minnesota Utd,12128,0,0,0,0,0
2023-04-08,2023,Sporting KC,Colorado Rapids,18467,0,0,0,0,0
2023-04-08,2023,Real Salt Lake,Charlotte,17506,0,0,0,0,0
2023-04-15,2023,NYCFC,Nashville SC,18687,0,0,0,0,0
2023-04-15,2023,NY Red Bulls,Houston Dynamo,12932,0,0,0,0,0
2023-04-15,2023,Toronto FC,Atlanta Utd,27892,0,0,0,0,0
2023-04-15,2023,Charlotte,Colorado Rapids,31240,0,0,0,0,0
2023-04-15,2023,CF Montr챕al,D.C. United,16039,0,0,0,0,0
2023-04-15,2023,Columbus Crew,NE Revolution,20562,0,0,0,0,0
2023-04-16,2023,LA Galaxy,LAFC,27154,0,0,0,0,0
2023-04-15,2023,St. Louis City,FC Cincinnati,22423,0,0,0,0,0
2023-04-15,2023,SJ Earthquakes,Sporting KC,14212,0,0,0,0,0
2023-04-15,2023,Minnesota Utd,Orlando City,19685,0,0,0,0,0
2023-04-15,2023,Chicago Fire,Philadelphia Union,12811,0,0,0,0,0
2023-04-15,2023,Portland Timbers,Seattle Sounders,25218,0,0,0,0,0
2023-04-15,2023,Austin FC,Vancouver W'caps,20738,0,0,0,0,0
2023-04-15,2023,FC Dallas,Real Salt Lake,19096,0,0,0,0,0
2023-04-22,2023,Orlando City,D.C. United,19514,0,0,0,0,0
2023-04-22,2023,Philadelphia Union,Toronto FC,18533,0,0,0,0,0
2023-04-22,2023,NE Revolution,Sporting KC,19281,0,0,0,0,0
2023-04-22,2023,NYCFC,FC Dallas,20922,0,0,0,0,0
2023-04-22,2023,Charlotte,Columbus Crew,30468,0,0,0,0,0
2023-04-22,2023,CF Montr챕al,NY Red Bulls,14021,0,0,0,0,0
2023-04-22,2023,FC Cincinnati,Portland Timbers,25513,0,0,0,0,0
2023-04-23,2023,Atlanta Utd,Chicago Fire,43335,0,0,0,0,0
2023-04-22,2023,Real Salt Lake,SJ Earthquakes,16666,0,0,0,0,0
2023-04-22,2023,Seattle Sounders,Minnesota Utd,30025,0,0,0,0,0
2023-04-22,2023,Nashville SC,LAFC,30109,0,0,0,0,0
2023-04-22,2023,LA Galaxy,Austin FC,18875,0,0,0,0,0
2023-04-22,2023,Houston Dynamo,Inter Miami,16045,0,0,0,1,0
2023-04-22,2023,Colorado Rapids,St. Louis City,15045,0,0,0,0,0
2023-04-29,2023,Nashville SC,Atlanta Utd,28793,0,0,0,0,0
2023-04-29,2023,D.C. United,Charlotte,19215,0,0,0,0,0
2023-04-29,2023,Columbus Crew,Inter Miami,20410,0,0,0,1,0
2023-04-29,2023,Orlando City,LA Galaxy,22519,0,0,0,0,0
2023-04-29,2023,Toronto FC,NYCFC,21847,0,0,0,0,0
2023-04-29,2023,NE Revolution,FC Cincinnati,30080,0,0,0,0,0
2023-04-29,2023,Sporting KC,CF Montr챕al,18226,0,0,0,0,0
2023-04-29,2023,Chicago Fire,NY Red Bulls,11432,0,0,0,0,0
2023-04-29,2023,Austin FC,SJ Earthquakes,20738,0,0,0,0,0
2023-04-29,2023,St. Louis City,Portland Timbers,22423,0,0,0,0,0
2023-04-29,2023,Vancouver W'caps,Colorado Rapids,14103,0,0,0,0,0
2023-04-29,2023,Real Salt Lake,Seattle Sounders,20714,0,0,0,0,0
2023-04-30,2023,Minnesota Utd,FC Dallas,18410,0,0,0,0,0
2023-05-06,2023,SJ Earthquakes,LAFC,45112,0,0,0,0,0
2023-05-06,2023,Charlotte,NYCFC,30454,0,0,0,0,0
2023-05-06,2023,Toronto FC,NE Revolution,27438,0,0,0,0,0
2023-05-06,2023,FC Cincinnati,D.C. United,25513,0,0,0,0,0
2023-05-06,2023,NY Red Bulls,Philadelphia Union,18712,0,0,0,0,0
2023-05-06,2023,Inter Miami,Atlanta Utd,16750,1,0,0,0,0
2023-05-06,2023,CF Montr챕al,Orlando City,16112,0,0,0,0,0
2023-05-07,2023,Seattle Sounders,Sporting KC,31620,0,0,0,0,0
2023-05-06,2023,Vancouver W'caps,Minnesota Utd,14047,0,0,0,0,0
2023-05-06,2023,Houston Dynamo,Real Salt Lake,13793,0,0,0,0,0
2023-05-06,2023,Nashville SC,Chicago Fire,28611,0,0,0,0,0
2023-05-06,2023,LA Galaxy,Colorado Rapids,19101,0,0,0,0,0
2023-05-06,2023,Portland Timbers,Austin FC,23318,0,0,0,0,0
2023-05-13,2023,Chicago Fire,St. Louis City,18231,0,0,0,0,0
2023-05-13,2023,Columbus Crew,Orlando City,20488,0,0,0,0,0
2023-05-13,2023,CF Montr챕al,Toronto FC,19619,0,0,0,0,0
2023-05-13,2023,Inter Miami,NE Revolution,17349,1,0,0,0,0
2023-05-13,2023,Atlanta Utd,Charlotte,43427,0,0,0,0,0
2023-05-13,2023,NY Red Bulls,NYCFC,23121,0,0,0,0,0
2023-05-13,2023,D.C. United,Nashville SC,19215,0,0,0,0,0
2023-05-13,2023,Austin FC,FC Dallas,20738,0,0,0,0,0
2023-05-13,2023,Colorado Rapids,Philadelphia Union,15006,0,0,0,0,0
2023-05-13,2023,Portland Timbers,Vancouver W'caps,23154,0,0,0,0,0
2023-05-13,2023,Real Salt Lake,LAFC,19407,0,0,0,0,0
2023-05-13,2023,Sporting KC,Minnesota Utd,17851,0,0,0,0,0
2023-05-13,2023,Houston Dynamo,Seattle Sounders,14061,0,0,0,0,0
2023-05-14,2023,LA Galaxy,SJ Earthquakes,16035,0,0,0,0,0
2023-05-17,2023,FC Cincinnati,CF Montr챕al,23461,0,0,0,0,0
2023-05-17,2023,Atlanta Utd,Colorado Rapids,42587,0,0,0,0,0
2023-05-17,2023,Orlando City,NYCFC,17012,0,0,0,0,0
2023-05-17,2023,Toronto FC,NY Red Bulls,22560,0,0,0,0,0
2023-05-17,2023,Columbus Crew,LA Galaxy,20192,0,0,0,0,0
2023-05-17,2023,Philadelphia Union,D.C. United,18689,0,0,0,0,0
2023-05-17,2023,Charlotte,Chicago Fire,29016,0,0,0,0,0
2023-05-17,2023,Nashville SC,Inter Miami,25839,0,0,0,1,0
2023-05-17,2023,Minnesota Utd,Houston Dynamo,18897,0,0,0,0,0
2023-05-17,2023,FC Dallas,Vancouver W'caps,15890,0,0,0,0,0
2023-05-17,2023,Real Salt Lake,Portland Timbers,18020,0,0,0,0,0
2023-05-17,2023,Seattle Sounders,Austin FC,30026,0,0,0,0,0
2023-05-17,2023,LAFC,Sporting KC,22222,0,0,0,0,0
2023-05-20,2023,D.C. United,LA Galaxy,19215,0,0,0,0,0
2023-05-20,2023,FC Cincinnati,Columbus Crew,25513,0,0,0,0,0
2023-05-20,2023,NY Red Bulls,CF Montr챕al,13436,0,0,0,0,0
2023-05-20,2023,Charlotte,Nashville SC,30526,0,0,0,0,0
2023-05-20,2023,Inter Miami,Orlando City,17643,1,0,0,0,0
2023-05-20,2023,Philadelphia Union,NE Revolution,19079,0,0,0,0,0
2023-05-20,2023,Vancouver W'caps,Seattle Sounders,19108,0,0,0,0,0
2023-05-20,2023,Austin FC,Toronto FC,20738,0,0,0,0,0
2023-05-20,2023,Colorado Rapids,Real Salt Lake,15327,0,0,0,0,0
2023-05-20,2023,LAFC,SJ Earthquakes,22030,0,0,0,0,0
2023-05-20,2023,FC Dallas,Houston Dynamo,19096,0,0,0,0,0
2023-05-20,2023,Chicago Fire,Atlanta Utd,18343,0,0,0,0,0
2023-05-20,2023,Portland Timbers,Minnesota Utd,22137,0,0,0,0,0
2023-05-20,2023,St. Louis City,Sporting KC,22423,0,0,0,0,0
2023-05-27,2023,NYCFC,Philadelphia Union,22830,0,0,0,0,0
2023-05-27,2023,Toronto FC,D.C. United,27065,0,0,0,0,0
2023-05-27,2023,CF Montr챕al,Inter Miami,19619,0,0,0,1,0
2023-05-27,2023,Orlando City,Atlanta Utd,20127,0,0,0,0,0
2023-05-27,2023,NE Revolution,Chicago Fire,27293,0,0,0,0,0
2023-05-28,2023,Sporting KC,Portland Timbers,18514,0,0,0,0,0
2023-05-27,2023,LA Galaxy,Charlotte,17434,0,0,0,0,0
2023-05-27,2023,Houston Dynamo,Austin FC,16055,0,0,0,0,0
2023-05-27,2023,Minnesota Utd,Real Salt Lake,19912,0,0,0,0,0
2023-05-27,2023,Colorado Rapids,FC Cincinnati,15438,0,0,0,0,0
2023-05-27,2023,Seattle Sounders,NY Red Bulls,31032,0,0,0,0,0
2023-05-27,2023,SJ Earthquakes,FC Dallas,13409,0,0,0,0,0
2023-05-27,2023,St. Louis City,Vancouver W'caps,22423,0,0,0,0,0
2023-05-28,2023,Nashville SC,Columbus Crew,30109,0,0,0,0,0
2023-05-31,2023,Atlanta Utd,NE Revolution,42915,0,0,0,0,0
2023-05-31,2023,Inter Miami,NY Red Bulls,15136,1,0,0,0,0
2023-05-31,2023,Toronto FC,Chicago Fire,22778,0,0,0,0,0
2023-05-31,2023,Columbus Crew,Colorado Rapids,20223,0,0,0,0,0
2023-05-31,2023,D.C. United,CF Montr챕al,16342,0,0,0,0,0
2023-05-31,2023,NYCFC,FC Cincinnati,14806,0,0,0,0,0
2023-05-31,2023,Philadelphia Union,Charlotte,18705,0,0,0,0,0
2023-05-31,2023,Vancouver W'caps,Houston Dynamo,13232,0,0,0,0,0
2023-05-31,2023,Real Salt Lake,LA Galaxy,17762,0,0,0,0,0
2023-05-31,2023,Sporting KC,FC Dallas,17178,0,0,0,0,0
2023-05-31,2023,Seattle Sounders,SJ Earthquakes,30013,0,0,0,0,0
2023-05-31,2023,Austin FC,Minnesota Utd,20738,0,0,0,0,0
2023-06-03,2023,Seattle Sounders,Portland Timbers,42054,0,0,0,0,0
2023-06-03,2023,NYCFC,NE Revolution,22203,0,0,0,0,0
2023-06-03,2023,Philadelphia Union,CF Montr챕al,19245,0,0,0,0,0
2023-06-03,2023,NY Red Bulls,Orlando City,19871,0,0,0,0,0
2023-06-03,2023,Columbus Crew,Charlotte,20199,0,0,0,0,0
2023-06-03,2023,Inter Miami,D.C. United,15040,1,0,0,0,0
2023-06-03,2023,FC Cincinnati,Chicago Fire,25513,0,0,0,0,0
2023-06-03,2023,St. Louis City,Houston Dynamo,22423,0,0,0,0,0
2023-06-03,2023,Colorado Rapids,SJ Earthquakes,15038,0,0,0,0,0
2023-06-03,2023,FC Dallas,Nashville SC,16890,0,0,0,0,0
2023-06-03,2023,Vancouver W'caps,Sporting KC,13739,0,0,0,0,0
2023-06-03,2023,Austin FC,Real Salt Lake,20738,0,0,0,0,0
2023-06-03,2023,Minnesota Utd,Toronto FC,19743,0,0,0,0,0
2023-06-07,2023,FC Dallas,St. Louis City,19096,0,0,0,0,0
2023-06-07,2023,LAFC,Atlanta Utd,22010,0,0,0,0,0
2023-06-10,2023,Atlanta Utd,D.C. United,42539,0,0,0,0,0
2023-06-10,2023,NE Revolution,Inter Miami,36235,0,0,0,1,0
2023-06-10,2023,Orlando City,Colorado Rapids,18711,0,0,0,0,0
2023-06-10,2023,Toronto FC,Nashville SC,27228,0,0,0,0,0
2023-06-10,2023,CF Montr챕al,Minnesota Utd,17030,0,0,0,0,0
2023-06-10,2023,Charlotte,Seattle Sounders,31563,0,0,0,0,0
2023-06-11,2023,St. Louis City,LA Galaxy,22423,0,0,0,0,0
2023-06-10,2023,Real Salt Lake,NYCFC,20301,0,0,0,0,0
2023-06-10,2023,SJ Earthquakes,Philadelphia Union,15512,0,0,0,0,0
2023-06-10,2023,Vancouver W'caps,FC Cincinnati,16086,0,0,0,0,0
2023-06-10,2023,Chicago Fire,Columbus Crew,18892,0,0,0,0,0
2023-06-10,2023,Houston Dynamo,LAFC,15366,0,0,0,0,0
2023-06-10,2023,Sporting KC,Austin FC,18885,0,0,0,0,0
2023-06-11,2023,Portland Timbers,FC Dallas,22907,0,0,0,0,0
2023-06-14,2023,LAFC,Houston Dynamo,22177,0,0,0,0,0
2023-06-17,2023,NYCFC,Columbus Crew,30615,0,0,0,0,0
2023-06-17,2023,D.C. United,Real Salt Lake,19215,0,0,0,0,0
2023-06-17,2023,NE Revolution,Orlando City,21492,0,0,0,0,0
2023-06-17,2023,SJ Earthquakes,Portland Timbers,14188,0,0,0,0,0
2023-06-17,2023,Sporting KC,LAFC,19410,0,0,0,0,0
2023-06-17,2023,Nashville SC,St. Louis City,30109,0,0,0,0,0
2023-06-21,2023,Orlando City,Philadelphia Union,17516,0,0,0,0,0
2023-06-21,2023,CF Montr챕al,Nashville SC,16247,0,0,0,0,0
2023-06-21,2023,NY Red Bulls,Charlotte,20000,0,0,0,0,0
2023-06-21,2023,FC Cincinnati,Toronto FC,25513,0,0,0,0,0
2023-06-21,2023,Atlanta Utd,NYCFC,42557,0,0,0,0,0
2023-06-21,2023,Houston Dynamo,SJ Earthquakes,14249,0,0,0,0,0
2023-06-21,2023,LAFC,Seattle Sounders,22125,0,0,0,0,0
2023-06-21,2023,Portland Timbers,Chicago Fire,22548,0,0,0,0,0
2023-06-21,2023,St. Louis City,Real Salt Lake,22423,0,0,0,0,0
2023-06-21,2023,LA Galaxy,Sporting KC,20960,0,0,0,0,0
2023-06-21,2023,Austin FC,FC Dallas,20738,0,0,0,0,0
2023-06-24,2023,Charlotte,CF Montr챕al,35515,0,0,0,0,0
2023-06-24,2023,Philadelphia Union,Inter Miami,19535,0,0,0,1,0
2023-06-24,2023,Columbus Crew,Nashville SC,20443,0,0,0,0,0
2023-06-24,2023,NY Red Bulls,Atlanta Utd,16277,0,0,0,0,0
2023-06-24,2023,D.C. United,FC Cincinnati,18864,0,0,0,0,0
2023-06-24,2023,NE Revolution,Toronto FC,24596,0,0,0,0,0
2023-06-24,2023,SJ Earthquakes,St. Louis City,15074,0,0,0,0,0
2023-06-24,2023,Colorado Rapids,LA Galaxy,16082,0,0,0,0,0
2023-06-24,2023,Seattle Sounders,Orlando City,30693,0,0,0,0,0
2023-06-24,2023,Portland Timbers,NYCFC,22676,0,0,0,0,0
2023-06-24,2023,LAFC,Vancouver W'caps,22133,0,0,0,0,0
2023-06-24,2023,Sporting KC,Chicago Fire,18032,0,0,0,0,0
2023-06-24,2023,Real Salt Lake,Minnesota Utd,19439,0,0,0,0,0
2023-06-24,2023,Austin FC,Houston Dynamo,20738,0,0,0,0,0
2023-07-01,2023,Columbus Crew,NY Red Bulls,20415,0,0,0,0,0
2023-07-01,2023,FC Cincinnati,NE Revolution,25513,0,0,0,0,0
2023-07-01,2023,CF Montr챕al,NYCFC,16038,0,0,0,0,0
2023-07-01,2023,Orlando City,Chicago Fire,22070,0,0,0,0,0
2023-07-01,2023,Toronto FC,Real Salt Lake,26694,0,0,0,0,0
2023-07-01,2023,Inter Miami,Austin FC,17053,1,0,0,0,0
2023-07-02,2023,Atlanta Utd,Philadelphia Union,43527,0,0,0,0,0
2023-07-01,2023,FC Dallas,LAFC,19096,0,0,0,0,0
2023-07-01,2023,SJ Earthquakes,LA Galaxy,42823,0,0,0,0,0
2023-07-01,2023,Seattle Sounders,Houston Dynamo,31840,0,0,0,0,0
2023-07-01,2023,Minnesota Utd,Portland Timbers,19844,0,0,0,0,0
2023-07-01,2023,Nashville SC,D.C. United,30109,0,0,0,0,0
2023-07-01,2023,St. Louis City,Colorado Rapids,22423,0,0,0,0,0
2023-07-01,2023,Sporting KC,Vancouver W'caps,18867,0,0,0,0,0
2023-07-04,2023,Orlando City,Toronto FC,17604,0,0,0,0,0
2023-07-04,2023,Inter Miami,Columbus Crew,14072,1,0,0,0,0
2023-07-04,2023,FC Dallas,D.C. United,19096,0,0,0,0,0
2023-07-04,2023,LA Galaxy,LAFC,82110,0,0,0,0,0
2023-07-05,2023,NYCFC,Charlotte,15122,0,0,0,0,0
2023-07-08,2023,NY Red Bulls,NE Revolution,20014,0,0,0,0,0
2023-07-08,2023,Charlotte,FC Cincinnati,43613,0,0,0,0,0
2023-07-08,2023,CF Montr챕al,Atlanta Utd,19619,0,0,0,0,0
2023-07-08,2023,Columbus Crew,NYCFC,20533,0,0,0,0,0
2023-07-08,2023,Toronto FC,St. Louis City,26156,0,0,0,0,0
2023-07-08,2023,D.C. United,Inter Miami,19215,0,0,0,1,0
2023-07-08,2023,LAFC,SJ Earthquakes,22033,0,0,0,0,0
2023-07-08,2023,LA Galaxy,Philadelphia Union,21269,0,0,0,0,0
2023-07-08,2023,Vancouver W'caps,Seattle Sounders,16399,0,0,0,0,0
2023-07-08,2023,Chicago Fire,Nashville SC,22348,0,0,0,0,0
2023-07-08,2023,Houston Dynamo,Sporting KC,16489,0,0,0,0,0
2023-07-08,2023,Real Salt Lake,Orlando City,20800,0,0,0,0,0
2023-07-08,2023,Minnesota Utd,Austin FC,19913,0,0,0,0,0
2023-07-08,2023,Colorado Rapids,FC Dallas,18171,0,0,0,0,0
2023-07-12,2023,NE Revolution,Atlanta Utd,17615,0,0,0,0,0
2023-07-12,2023,NY Red Bulls,FC Cincinnati,13439,0,0,0,0,0
2023-07-12,2023,Colorado Rapids,Portland Timbers,17426,0,0,0,0,0
2023-07-12,2023,Nashville SC,Philadelphia Union,30109,0,0,0,0,0
2023-07-12,2023,Sporting KC,Real Salt Lake,17924,0,0,0,0,0
2023-07-12,2023,Chicago Fire,CF Montr챕al,12496,0,0,0,0,0
2023-07-12,2023,SJ Earthquakes,Seattle Sounders,13577,0,0,0,0,0
2023-07-12,2023,Vancouver W'caps,Austin FC,14995,0,0,0,0,0
2023-07-12,2023,LAFC,St. Louis City,22010,0,0,0,0,0
2023-07-12,2023,Houston Dynamo,Minnesota Utd,11855,0,0,0,0,0
2023-07-15,2023,FC Cincinnati,Nashville SC,25513,0,1,0,0,0
2023-07-15,2023,NE Revolution,D.C. United,29884,0,1,0,0,0
2023-07-15,2023,Philadelphia Union,NYCFC,19363,0,1,0,0,0
2023-07-15,2023,Atlanta Utd,Orlando City,43576,0,1,0,0,0
2023-07-15,2023,CF Montr챕al,Charlotte,18413,0,1,0,0,0
2023-07-15,2023,St. Louis City,Inter Miami,22423,0,1,0,1,1
2023-07-15,2023,Chicago Fire,Toronto FC,18246,0,1,0,0,0
2023-07-15,2023,Vancouver W'caps,LA Galaxy,18354,0,1,0,0,0
2023-07-15,2023,Colorado Rapids,Houston Dynamo,16138,0,1,0,0,0
2023-07-15,2023,Portland Timbers,Columbus Crew,24181,0,1,0,0,0
2023-07-15,2023,Minnesota Utd,LAFC,19954,0,1,0,0,0
2023-07-15,2023,Real Salt Lake,NY Red Bulls,20556,0,1,0,0,0
2023-07-15,2023,Seattle Sounders,FC Dallas,32753,0,1,0,0,0
2023-07-15,2023,Austin FC,Sporting KC,20738,0,1,0,0,0
2023-08-20,2023,NY Red Bulls,D.C. United,17872,0,1,0,0,0
2023-08-20,2023,Columbus Crew,FC Cincinnati,20730,0,1,0,0,0
2023-08-20,2023,NYCFC,Minnesota Utd,18606,0,1,0,0,0
2023-08-20,2023,Toronto FC,CF Montr챕al,27518,0,1,0,0,0
2023-08-20,2023,Chicago Fire,Orlando City,18103,0,1,0,0,0
2023-08-20,2023,Houston Dynamo,Portland Timbers,12670,0,1,0,0,0
2023-08-20,2023,Vancouver W'caps,SJ Earthquakes,16765,0,1,0,0,0
2023-08-20,2023,Seattle Sounders,Atlanta Utd,31149,0,1,0,0,0
2023-08-20,2023,St. Louis City,Austin FC,22423,0,1,0,0,0
2023-08-23,2023,LAFC,Colorado Rapids,22017,0,1,0,0,0
2023-08-26,2023,Columbus Crew,Toronto FC,20548,0,1,0,0,0
2023-08-26,2023,Atlanta Utd,Nashville SC,67514,0,1,0,0,0
2023-08-26,2023,CF Montr챕al,NE Revolution,19619,0,1,0,0,0
2023-08-26,2023,Orlando City,St. Louis City,22156,0,1,0,0,0
2023-08-26,2023,Charlotte,LAFC,37809,0,1,0,0,0
2023-08-26,2023,D.C. United,Philadelphia Union,19215,0,1,0,0,0
2023-08-26,2023,FC Cincinnati,NYCFC,25513,0,1,0,0,0
2023-08-26,2023,NY Red Bulls,Inter Miami,26276,0,1,0,1,1
2023-08-27,2023,Minnesota Utd,Seattle Sounders,19812,0,1,0,0,0
2023-08-26,2023,Sporting KC,SJ Earthquakes,18892,0,1,0,0,0
2023-08-26,2023,LA Galaxy,Chicago Fire,19762,0,1,0,0,0
2023-08-26,2023,Portland Timbers,Vancouver W'caps,22674,0,1,0,0,0
2023-08-26,2023,FC Dallas,Austin FC,18267,0,1,0,0,0
2023-08-26,2023,Real Salt Lake,Houston Dynamo,21471,0,1,0,0,0
2023-08-30,2023,Inter Miami,Nashville SC,20452,1,1,1,0,0
2023-08-30,2023,Atlanta Utd,FC Cincinnati,42568,0,1,0,0,0
2023-08-30,2023,NYCFC,CF Montr챕al,15273,0,1,0,0,0
2023-08-30,2023,Toronto FC,Philadelphia Union,25410,0,1,0,0,0
2023-08-30,2023,Charlotte,Orlando City,27236,0,1,0,0,0
2023-08-30,2023,NE Revolution,NY Red Bulls,16444,0,1,0,0,0
2023-08-30,2023,Minnesota Utd,Colorado Rapids,19634,0,1,0,0,0
2023-08-30,2023,SJ Earthquakes,LA Galaxy,16224,0,1,0,0,0
2023-08-30,2023,Chicago Fire,Vancouver W'caps,9187,0,1,0,0,0
2023-08-30,2023,Portland Timbers,Real Salt Lake,21320,0,1,0,0,0
2023-08-30,2023,Houston Dynamo,Columbus Crew,10873,0,1,0,0,0
2023-08-30,2023,St. Louis City,FC Dallas,22423,0,1,0,0,0
2023-08-30,2023,Austin FC,Seattle Sounders,20738,0,1,0,0,0
2023-09-02,2023,NYCFC,Vancouver W'caps,17942,0,1,0,0,0
2023-09-02,2023,FC Cincinnati,Orlando City,25513,0,1,0,0,0
2023-09-02,2023,NE Revolution,Austin FC,26213,0,1,0,0,0
2023-09-02,2023,CF Montr챕al,Columbus Crew,18358,0,1,0,0,0
2023-09-02,2023,D.C. United,Chicago Fire,16075,0,1,0,0,0
2023-09-02,2023,Real Salt Lake,Colorado Rapids,19798,0,1,0,0,0
2023-09-02,2023,SJ Earthquakes,Minnesota Utd,16151,0,1,0,0,0
2023-09-02,2023,Sporting KC,St. Louis City,21650,0,1,0,0,0
2023-09-02,2023,LA Galaxy,Houston Dynamo,20035,0,1,0,0,0
2023-09-02,2023,Seattle Sounders,Portland Timbers,37031,0,1,0,0,0
2023-09-02,2023,Nashville SC,Charlotte,27902,0,1,0,0,0
2023-09-03,2023,Philadelphia Union,NY Red Bulls,19361,0,1,0,0,0
2023-09-02,2023,FC Dallas,Atlanta Utd,17441,0,1,0,0,0
2023-09-03,2023,LAFC,Inter Miami,22921,0,1,0,1,1
2023-09-09,2023,D.C. United,SJ Earthquakes,17255,0,1,0,0,0
2023-09-09,2023,Inter Miami,Sporting KC,19355,1,1,1,0,0
2023-09-09,2023,Portland Timbers,LAFC,23239,0,1,0,0,0
2023-09-09,2023,Minnesota Utd,NE Revolution,19412,0,1,0,0,0
2023-09-10,2023,LA Galaxy,St. Louis City,19554,0,1,0,0,0
2023-09-16,2023,NYCFC,NY Red Bulls,29657,0,1,0,0,0
2023-09-16,2023,Atlanta Utd,Inter Miami,71635,0,1,0,1,1
2023-09-16,2023,Orlando City,Columbus Crew,22802,0,1,0,0,0
2023-09-16,2023,Toronto FC,Vancouver W'caps,26165,0,1,0,0,0
2023-09-16,2023,CF Montr챕al,Chicago Fire,19619,0,1,0,0,0
2023-09-16,2023,Philadelphia Union,FC Cincinnati,19365,0,1,0,0,0
2023-09-16,2023,Charlotte,D.C. United,36101,0,1,0,0,0
2023-09-16,2023,LAFC,LA Galaxy,22132,0,1,0,0,0
2023-09-16,2023,Houston Dynamo,St. Louis City,14369,0,1,0,0,0
2023-09-16,2023,FC Dallas,Seattle Sounders,19096,0,1,0,0,0
2023-09-16,2023,Minnesota Utd,Sporting KC,19685,0,1,0,0,0
2023-09-16,2023,SJ Earthquakes,Real Salt Lake,15390,0,1,0,0,0
2023-09-16,2023,Colorado Rapids,NE Revolution,16411,0,1,0,0,0
2023-09-17,2023,Austin FC,Portland Timbers,20738,0,1,0,0,0
2023-09-20,2023,Columbus Crew,Chicago Fire,20349,0,1,0,0,0
2023-09-20,2023,CF Montr챕al,FC Cincinnati,13603,0,1,0,0,0
2023-09-20,2023,NYCFC,Orlando City,15238,0,1,0,0,0
2023-09-20,2023,Charlotte,Philadelphia Union,28584,0,1,0,0,0
2023-09-20,2023,D.C. United,Atlanta Utd,15762,0,1,0,0,0
2023-09-20,2023,Inter Miami,Toronto FC,19659,1,1,1,0,0
2023-09-20,2023,NY Red Bulls,Austin FC,13562,0,1,0,0,0
2023-09-20,2023,LA Galaxy,Minnesota Utd,16120,0,1,0,0,0
2023-09-20,2023,Colorado Rapids,Seattle Sounders,12548,0,1,0,0,0
2023-09-20,2023,Portland Timbers,SJ Earthquakes,21518,0,1,0,0,0
2023-09-20,2023,Houston Dynamo,Vancouver W'caps,13866,0,1,0,0,0
2023-09-20,2023,Real Salt Lake,FC Dallas,17842,0,1,0,0,0
2023-09-20,2023,St. Louis City,LAFC,22423,0,1,0,0,0
2023-09-20,2023,Sporting KC,Nashville SC,16825,0,1,0,0,0
2023-09-23,2023,Atlanta Utd,CF Montr챕al,42569,0,1,0,0,0
2023-09-23,2023,D.C. United,NY Red Bulls,12591,0,1,0,0,0
2023-09-23,2023,Philadelphia Union,LAFC,18738,0,1,0,0,0
2023-09-23,2023,FC Cincinnati,Charlotte,25513,0,1,0,0,0
2023-09-24,2023,NYCFC,Toronto FC,7417,0,1,0,0,0
2023-09-23,2023,Minnesota Utd,St. Louis City,19197,0,1,0,0,0
2023-09-23,2023,Sporting KC,Houston Dynamo,18033,0,1,0,0,0
2023-09-23,2023,SJ Earthquakes,Nashville SC,16728,0,1,0,0,0
2023-09-23,2023,Real Salt Lake,Vancouver W'caps,19243,0,1,0,0,0
2023-09-23,2023,Portland Timbers,Colorado Rapids,22248,0,1,0,0,0
2023-09-24,2023,Orlando City,Inter Miami,25527,0,1,0,1,1
2023-09-23,2023,FC Dallas,Columbus Crew,17948,0,1,0,0,0
2023-09-23,2023,Chicago Fire,NE Revolution,20129,0,1,0,0,0
2023-09-24,2023,Austin FC,LA Galaxy,20738,0,1,0,0,0
2023-09-27,2023,Philadelphia Union,FC Dallas,18515,0,1,0,0,0
2023-09-27,2023,Colorado Rapids,Vancouver W'caps,12064,0,1,0,0,0
2023-09-30,2023,Toronto FC,FC Cincinnati,24658,0,1,0,0,0
2023-09-30,2023,Inter Miami,NYCFC,20135,1,1,1,0,0
2023-09-30,2023,NE Revolution,Charlotte,37701,0,1,0,0,0
2023-09-30,2023,Orlando City,CF Montr챕al,19637,0,1,0,0,0
2023-09-30,2023,NY Red Bulls,Chicago Fire,20347,0,1,0,0,0
2023-09-30,2023,Columbus Crew,Philadelphia Union,20456,0,1,0,0,0
2023-09-30,2023,LA Galaxy,Portland Timbers,23101,0,1,0,0,0
2023-09-30,2023,St. Louis City,Sporting KC,22423,0,1,0,0,0
2023-09-30,2023,Colorado Rapids,Austin FC,15931,0,1,0,0,0
2023-09-30,2023,Houston Dynamo,FC Dallas,18175,0,1,0,0,0
2023-09-30,2023,Vancouver W'caps,D.C. United,19442,0,1,0,0,0
2023-09-30,2023,Nashville SC,Seattle Sounders,28291,0,1,0,0,0
2023-09-30,2023,Minnesota Utd,SJ Earthquakes,19645,0,1,0,0,0
2023-10-01,2023,LAFC,Real Salt Lake,22221,0,1,0,0,0
2023-10-04,2023,CF Montr챕al,Houston Dynamo,13509,0,1,0,0,0
2023-10-04,2023,NE Revolution,Columbus Crew,14144,0,1,0,0,0
2023-10-04,2023,Charlotte,Toronto FC,30080,0,1,0,0,0
2023-10-04,2023,Philadelphia Union,Atlanta Utd,18605,0,1,0,0,0
2023-10-04,2023,FC Cincinnati,NY Red Bulls,25513,0,1,0,0,0
2023-10-04,2023,Vancouver W'caps,St. Louis City,13776,0,1,0,0,0
2023-10-04,2023,Seattle Sounders,LA Galaxy,30495,0,1,0,0,0
2023-10-04,2023,LAFC,Minnesota Utd,22041,0,1,0,0,0
2023-10-04,2023,Austin FC,D.C. United,20738,0,1,0,0,0
2023-10-04,2023,Chicago Fire,Inter Miami,62124,0,1,0,1,1
2023-10-04,2023,Nashville SC,Orlando City,25273,0,1,0,0,0
2023-10-07,2023,CF Montr챕al,Portland Timbers,17559,0,1,0,0,0
2023-10-07,2023,Philadelphia Union,Nashville SC,19387,0,1,0,0,0
2023-10-07,2023,Atlanta Utd,Columbus Crew,42684,0,1,0,0,0
2023-10-07,2023,NY Red Bulls,Toronto FC,24506,0,1,0,0,0
2023-10-07,2023,D.C. United,NYCFC,19215,0,1,0,0,0
2023-10-07,2023,Orlando City,NE Revolution,24440,0,1,0,0,0
2023-10-07,2023,Inter Miami,FC Cincinnati,20344,1,1,1,0,0
2023-10-07,2023,Chicago Fire,Charlotte,18308,0,1,0,0,0
2023-10-07,2023,Seattle Sounders,Vancouver W'caps,33666,0,1,0,0,0
2023-10-07,2023,Austin FC,LAFC,20738,0,1,0,0,0
2023-10-07,2023,FC Dallas,SJ Earthquakes,17474,0,1,0,0,0
2023-10-07,2023,Houston Dynamo,Colorado Rapids,16430,0,1,0,0,0
2023-10-07,2023,Minnesota Utd,LA Galaxy,19693,0,1,0,0,0
2023-10-07,2023,Real Salt Lake,Sporting KC,21205,0,1,0,0,0
2023-10-14,2023,FC Dallas,Colorado Rapids,16014,0,1,0,0,0
2023-10-14,2023,Nashville SC,NE Revolution,27780,0,1,0,0,0
2023-10-14,2023,LA Galaxy,Real Salt Lake,20673,0,1,0,0,0
2023-10-18,2023,Inter Miami,Charlotte,19615,1,1,1,0,0
2023-10-21,2023,Nashville SC,NY Red Bulls,27875,0,1,0,0,0
2023-10-21,2023,Toronto FC,Orlando City,27556,0,1,0,0,0
2023-10-21,2023,NE Revolution,Philadelphia Union,41355,0,1,0,0,0
2023-10-21,2023,FC Cincinnati,Atlanta Utd,25513,0,1,0,0,0
2023-10-21,2023,Charlotte,Inter Miami,66101,0,1,0,1,1
2023-10-21,2023,NYCFC,Chicago Fire,23260,0,1,0,0,0
2023-10-21,2023,Columbus Crew,CF Montr챕al,20526,0,1,0,0,0
2023-10-21,2023,Vancouver W'caps,LAFC,25146,0,1,0,0,0
2023-10-21,2023,SJ Earthquakes,Austin FC,18000,0,1,0,0,0
2023-10-21,2023,LA Galaxy,FC Dallas,22491,0,1,0,0,0
2023-10-21,2023,Portland Timbers,Houston Dynamo,25218,0,1,0,0,0
2023-10-21,2023,Colorado Rapids,Real Salt Lake,17538,0,1,0,0,0
2023-10-21,2023,St. Louis City,Seattle Sounders,22423,0,1,0,0,0
2023-10-21,2023,Sporting KC,Minnesota Utd,20479,0,1,0,0,0
2023-10-25,2023,NY Red Bulls,Charlotte,16074,0,1,0,0,0
2023-10-25,2023,Sporting KC,SJ Earthquakes,17437,0,1,0,0,0
2023-10-28,2023,Philadelphia Union,NE Revolution,19778,0,1,0,0,0
2023-10-29,2023,Houston Dynamo,Real Salt Lake,17508,0,1,0,0,0
2023-10-28,2023,LAFC,Vancouver W'caps,22002,0,1,0,0,0
2023-10-30,2023,Orlando City,Nashville SC,19744,0,1,0,0,0
2023-10-29,2023,FC Cincinnati,NY Red Bulls,24022,0,1,0,0,0
2023-10-29,2023,St. Louis City,Sporting KC,22423,0,1,0,0,0
2023-10-30,2023,Seattle Sounders,FC Dallas,30741,0,1,0,0,0
2023-11-01,2023,Columbus Crew,Atlanta Utd,20176,0,1,0,0,0
2023-11-04,2023,NY Red Bulls,FC Cincinnati,20044,0,1,0,0,0
2023-11-05,2023,Sporting KC,St. Louis City,21650,0,1,0,0,0
2023-11-04,2023,FC Dallas,Seattle Sounders,19096,0,1,0,0,0
2023-11-05,2023,Vancouver W'caps,LAFC,30204,0,1,0,0,0
2023-11-06,2023,Real Salt Lake,Houston Dynamo,20251,0,1,0,0,0
2023-11-07,2023,Atlanta Utd,Columbus Crew,41850,0,1,0,0,0
2023-11-07,2023,Nashville SC,Orlando City,25315,0,1,0,0,0
2023-11-08,2023,NE Revolution,Philadelphia Union,15214,0,1,0,0,0
2023-11-11,2023,Houston Dynamo,Real Salt Lake,16374,0,1,0,0,0
2023-11-10,2023,Seattle Sounders,FC Dallas,33048,0,1,0,0,0
2023-11-12,2023,Columbus Crew,Atlanta Utd,20182,0,1,0,0,0
2023-11-25,2023,Orlando City,Columbus Crew,25527,0,1,0,0,0
2023-11-25,2023,FC Cincinnati,Philadelphia Union,25513,0,1,0,0,0
2023-11-26,2023,Houston Dynamo,Sporting KC,20319,0,1,0,0,0
2023-11-26,2023,Seattle Sounders,LAFC,33649,0,1,0,0,0
2023-12-02,2023,FC Cincinnati,Columbus Crew,25513,0,1,0,0,0
2023-12-02,2023,LAFC,Houston Dynamo,22221,0,1,0,0,0
2023-12-09,2023,Columbus Crew,LAFC,20802,0,1,0,0,0
